"0","#reinsert the proteins as column names "
"0",""
"0",""
"0","colnames(proteomes_data) <- numberedcols"
"0",""
"0",""
"0",""
"0","#reinsert the TCGA ID's as column name #1. This makes the proteome dataset more similar to the clinical data, we could possibly now merge both datasets together to begin a deeper analysis for cancer prediction."
"0",""
"0",""
"0","proteomes_data <- cbind(rownames(proteomes_data), data.frame(proteomes_data, row.names=NULL))"
"0","colnames(proteomes_data)[1] <- ""Complete.TCGA.ID"""
"0",""
"0",""
"0",""
