{"chunk_definitions":[{"chunk_id":"ckmlo5dbpknqr","chunk_label":"unnamed-chunk-1","document_id":"372847E","expansion_state":0,"options":{"engine":"r","label":"unnamed-chunk-1"},"row":17,"row_count":1,"visible":true},{"chunk_id":"ckfkasnaviqrv","chunk_label":"unnamed-chunk-2","document_id":"372847E","expansion_state":0,"options":{"engine":"r","label":"unnamed-chunk-2"},"row":22,"row_count":1,"visible":true},{"chunk_id":"css4bvaabikzn","chunk_label":"unnamed-chunk-3","document_id":"372847E","expansion_state":0,"options":{"engine":"r","label":"unnamed-chunk-3"},"row":32,"row_count":1,"visible":true},{"chunk_id":"c4l9f6yfjiorr","chunk_label":"unnamed-chunk-4","document_id":"372847E","expansion_state":0,"options":{"engine":"r","label":"unnamed-chunk-15"},"row":44,"row_count":1,"visible":true},{"chunk_id":"c8ur8emqjbloq","chunk_label":"unnamed-chunk-5","document_id":"372847E","expansion_state":0,"options":{"engine":"r","label":"unnamed-chunk-16"},"row":53,"row_count":1,"visible":true},{"chunk_id":"cff1drybxf6kd","chunk_label":"unnamed-chunk-6","document_id":"372847E","expansion_state":0,"options":{"engine":"r","label":"unnamed-chunk-11"},"row":69,"row_count":1,"visible":true},{"chunk_id":"cxb7xasnhporf","chunk_label":"unnamed-chunk-7","document_id":"372847E","expansion_state":0,"options":{"engine":"r","label":"unnamed-chunk-35"},"row":74,"row_count":1,"visible":true},{"chunk_id":"cc7xww8syifjl","chunk_label":"unnamed-chunk-8","document_id":"372847E","expansion_state":0,"options":{"engine":"r","label":"unnamed-chunk-86"},"row":80,"row_count":1,"visible":true},{"chunk_id":"czchcgm8ad02l","chunk_label":"unnamed-chunk-9","document_id":"372847E","expansion_state":0,"options":{"engine":"r","label":"unnamed-chunk-87"},"row":86,"row_count":1,"visible":true},{"chunk_id":"ck7rqz7dhdlb0","chunk_label":"unnamed-chunk-10","document_id":"372847E","expansion_state":0,"options":{"engine":"r","label":"unnamed-chunk-89"},"row":92,"row_count":1,"visible":true},{"chunk_id":"cviu0t4mc5dak","chunk_label":"unnamed-chunk-11","document_id":"372847E","expansion_state":0,"options":{"engine":"r","label":"unnamed-chunk-90"},"row":111,"row_count":1,"visible":true},{"chunk_id":"cvop0ju7fl7lw","chunk_label":"unnamed-chunk-12","document_id":"372847E","expansion_state":0,"options":{"engine":"r","label":"unnamed-chunk-91"},"row":130,"row_count":1,"visible":true},{"chunk_id":"cb5fc83zoqr8v","chunk_label":"unnamed-chunk-13","document_id":"372847E","expansion_state":0,"options":{"engine":"r","label":"unnamed-chunk-95"},"row":149,"row_count":1,"visible":true},{"chunk_id":"c446dbory7zcd","chunk_label":"unnamed-chunk-14","document_id":"372847E","expansion_state":0,"options":{"engine":"r","label":"unnamed-chunk-64"},"row":187,"row_count":1,"visible":true},{"chunk_id":"cx2fvhe98ud6m","chunk_label":"unnamed-chunk-15","document_id":"372847E","expansion_state":0,"options":{"engine":"r","label":"unnamed-chunk-67"},"row":196,"row_count":1,"visible":true},{"chunk_id":"ctro2kz2aitbo","chunk_label":"unnamed-chunk-16","document_id":"372847E","expansion_state":0,"options":{"engine":"r","label":"unnamed-chunk-25"},"row":206,"row_count":1,"visible":true}],"chunk_rendered_width":700,"doc_write_time":1633248843}