{"chunk_definitions":[{"chunk_id":"c7iyfybgx6yuj","chunk_label":"unnamed-chunk-8","document_id":"4745A6A","expansion_state":0,"options":{"engine":"r","label":"unnamed-chunk-41"},"row":109,"row_count":1,"visible":true},{"chunk_id":"cclqbtqq49cte","chunk_label":"unnamed-chunk-9","document_id":"4745A6A","expansion_state":0,"options":{"engine":"r","label":"unnamed-chunk-42"},"row":126,"row_count":1,"visible":true},{"chunk_id":"c386e6gpelzz1","chunk_label":"unnamed-chunk-13","document_id":"4745A6A","expansion_state":0,"options":{"engine":"r","label":"unnamed-chunk-93"},"row":184,"row_count":1,"visible":true}],"doc_write_time":1629152862}