"0","# Ans-10"
"0","hwyVsCty <- mpg_data %>%"
"0","            mutate(drv_fac = factor(drv, levels = c(""4"", ""r"", ""f"")),"
"0","                   class_fac = as.factor(class)) %>%"
"0","            ggplot(aes(cty, hwy, color = drv_fac)) +"
"0","            geom_point(position = position_jitter(seed=123),"
"0","                       shape = 3) +"
"0","            facet_wrap(~ drv_fac) +"
"0","            theme_classic() +"
"0","  labs(x = ""City miles/gallon"","
"0","       y = ""Highway miles/gallon"","
"0","       color = ""Driving train"")"
"0","hwyVsCty"
