"0",""
"0","#NP refers to proteins but we do not want to analyse them as rows while TCGA codes are columns. This is because the previous simpler dataset (clinical_data) consisted of TCGA ID's as the rows, therefore we transpose this data to do the same. "
"0",""
"0","numberedcols <- proteomes_data$RefSeq_accession_number"
"0",""
"0",""
"0","#First three columns are not necessary in the analysis, they are simply nomenclature for proteins that we already know of. "
"0","proteomes_data <- as.data.frame(t(proteomes_data[,4:86]))"
"0",""
