"0","levels(clinical_data$ER.Status)"
"1","[1]"
"1"," ""Indeterminate"""
"1"," ""Negative""     "
"1"," ""Positive""     "
"1","
"
"0","levels(clinical_data$PR.Status) "
"1","[1]"
"1"," ""Negative"""
"1"," ""Positive"""
"1","
"
"0","clinicalERvsPR <- table(Estrogen = clinical_data$ER.Status,Progesterone = clinical_data$PR.Status)"
"0","clinicalERvsPR"
"1","               Progesterone
"
"1","Estrogen       "
"1"," Negative"
"1"," Positive"
"1","
  Indeterminate"
"1","        1"
"1","        0"
"1","
  Negative     "
"1","       36"
"1","        0"
"1","
  Positive     "
"1","       14"
"1","       54"
"1","
"
"0","doubleposneg <- clinicalERvsPR[2] + clinicalERvsPR[6]"
"0",""
"0","round(doubleposneg / sum(clinicalERvsPR), 2) * 100"
"1","[1]"
"1"," 86"
"1","
"
"0","#87% of values are double positive/negative. In other words, if an individual has a estrogen-receptor positive result, there is a 86% chance that they may also be progesterone-receptor positive. These values are insignificant in comparison to the main four tumor types (luminal, basal-like, her-2), however, they help in understanding that there may be some correlation within the protein expressions of the data."
"0",""
"0","plot(clinicalERvsPR)"
