"0","#Creating a function. I have used functions previously. The substr() function substrings the variable data, in which the characters of are extracted and are replaced through the paste() function. Therefore it turns __-____-__TCGA into TCGA-__-__"
"0",""
"0","match.tcga <- function(proteome) {"
"0","  x = substr(proteome, 4, 7)"
"0","  y = substr(proteome, 0, 2)"
"0","  paste(""TCGA"",y,x,sep=""-"")"
"0","}"
"0",""
"0",""
"0",""
"0","#Using sapply, we simply re-arrange the way in which the TCGA data is represented"
"0","proteomes_data$Complete.TCGA.ID <- sapply(proteomes_data$Complete.TCGA.ID, match.tcga)"
"0","proteomes_data <- proteomes_data"
"0",""
"0",""
