{"chunk_definitions":[{"chunk_id":"ckmlo5dbpknqr","chunk_label":"unnamed-chunk-1","document_id":"372847E","expansion_state":0,"options":{"engine":"r","label":"unnamed-chunk-53"},"row":15,"row_count":1,"visible":true},{"chunk_id":"ckfkasnaviqrv","chunk_label":"unnamed-chunk-2","document_id":"372847E","expansion_state":0,"options":{"engine":"r","label":"unnamed-chunk-54"},"row":19,"row_count":1,"visible":true},{"chunk_id":"css4bvaabikzn","chunk_label":"unnamed-chunk-3","document_id":"372847E","expansion_state":0,"options":{"engine":"r","label":"unnamed-chunk-55"},"row":28,"row_count":1,"visible":true},{"chunk_id":"c4l9f6yfjiorr","chunk_label":"unnamed-chunk-4","document_id":"372847E","expansion_state":0,"options":{"engine":"r","label":"unnamed-chunk-56"},"row":40,"row_count":1,"visible":true},{"chunk_id":"c8ur8emqjbloq","chunk_label":"unnamed-chunk-5","document_id":"372847E","expansion_state":0,"options":{"engine":"r","label":"unnamed-chunk-57"},"row":49,"row_count":1,"visible":true},{"chunk_id":"c446dbory7zcd","chunk_label":"unnamed-chunk-6","document_id":"372847E","expansion_state":0,"options":{"engine":"r","label":"unnamed-chunk-67"},"row":69,"row_count":1,"visible":true},{"chunk_id":"ctro2kz2aitbo","chunk_label":"unnamed-chunk-7","document_id":"372847E","expansion_state":0,"options":{"engine":"r","label":"unnamed-chunk-34"},"row":81,"row_count":1,"visible":true}],"chunk_rendered_width":700,"doc_write_time":1633080718}