"0","clinical_data$PAM50.mRNA <- as.character(clinical_data$PAM50.mRNA)"
"0",""
"0","SubtypedPlotAJCC <- clinical_data %>%"
"0","            ggplot(aes(AJCC.Stage, Tumor, color = PAM50.mRNA)) +"
"0","            geom_point(position = position_jitter(seed=123),"
"0","                       shape = 4) +"
"0","            facet_wrap(~ PAM50.mRNA) +"
"0","            theme_classic() +"
"0","  labs(x = ""AJCC Stage"","
"0","       y = ""Tumor"","
"0","       color = ""Cancer Subtype"") +"
"0","   theme(axis.text.x = element_text(angle = 45, vjust = 1, hjust = 1))"
"0","SubtypedPlotAJCC"
