"0","# Ans-14"
"0","mpgLmodelPlt <- mpg %>%"
"0","                filter(class %in% c(""compact"", ""suv"")) %>%"
"0","                mutate(class_fac = as.factor(class),"
"0","                       drv_fac = as.factor(drv)) %>%"
"0","                ggplot(aes(x = cty, y=hwy)) +"
"0","                geom_point(position = position_jitter(seed=123),"
"0","                           color = ""orange"","
"0","                           shape = 1) +"
"0","               geom_smooth(method = ""lm"", se  = FALSE, size=0.5) +"
"0","               facet_grid(class_fac ~ drv_fac) +"
"0","               theme_classic() +"
"0","               labs(x = ""City miles/gallon"","
"0","                    y = ""Highway miles/gallon"")"
"0","mpgLmodelPlt"
