{"chunk_definitions":[{"chunk_id":"cm7jb3mjg50ya","chunk_label":"unnamed-chunk-1","document_id":"372847E","expansion_state":0,"options":{"engine":"r","label":"unnamed-chunk-1"},"row":18,"row_count":1,"visible":true},{"chunk_id":"cv1qaj2jdqw6r","chunk_label":"unnamed-chunk-2","document_id":"372847E","expansion_state":0,"options":{"engine":"r","label":"unnamed-chunk-2"},"row":23,"row_count":1,"visible":true},{"chunk_id":"c8kmjmv7knjxp","chunk_label":"unnamed-chunk-3","document_id":"372847E","expansion_state":0,"options":{"engine":"r","label":"unnamed-chunk-3"},"row":33,"row_count":1,"visible":true},{"chunk_id":"c6sn1mvu90rvs","chunk_label":"unnamed-chunk-4","document_id":"372847E","expansion_state":0,"options":{"engine":"r","label":"unnamed-chunk-4"},"row":45,"row_count":1,"visible":true},{"chunk_id":"cvkfiu44yljfh","chunk_label":"unnamed-chunk-5","document_id":"372847E","expansion_state":0,"options":{"engine":"r","label":"unnamed-chunk-5"},"row":54,"row_count":1,"visible":true},{"chunk_id":"cpdj192jgv3ku","chunk_label":"unnamed-chunk-6","document_id":"372847E","expansion_state":0,"options":{"engine":"r","label":"unnamed-chunk-23"},"row":64,"row_count":1,"visible":true},{"chunk_id":"cg6lr2yqbvjhc","chunk_label":"unnamed-chunk-7","document_id":"372847E","expansion_state":0,"options":{"engine":"r","label":"unnamed-chunk-24"},"row":70,"row_count":1,"visible":true},{"chunk_id":"cjtb0hsdovla7","chunk_label":"unnamed-chunk-8","document_id":"372847E","expansion_state":0,"options":{"engine":"r","label":"unnamed-chunk-25"},"row":76,"row_count":1,"visible":true},{"chunk_id":"c0yciz757k2is","chunk_label":"unnamed-chunk-9","document_id":"372847E","expansion_state":0,"options":{"engine":"r","label":"unnamed-chunk-26"},"row":82,"row_count":1,"visible":true},{"chunk_id":"cq1cn2ylnwj1o","chunk_label":"unnamed-chunk-10","document_id":"372847E","expansion_state":0,"options":{"engine":"r","label":"unnamed-chunk-27"},"row":101,"row_count":1,"visible":true},{"chunk_id":"ce48chev9iu9y","chunk_label":"unnamed-chunk-11","document_id":"372847E","expansion_state":0,"options":{"engine":"r","label":"unnamed-chunk-28"},"row":120,"row_count":1,"visible":true},{"chunk_id":"crpwq07okfkbu","chunk_label":"unnamed-chunk-12","document_id":"372847E","expansion_state":0,"options":{"engine":"r","label":"unnamed-chunk-123"},"row":139,"row_count":1,"visible":true},{"chunk_id":"cwsrp58g15a7m","chunk_label":"unnamed-chunk-13","document_id":"372847E","expansion_state":0,"options":{"engine":"r","label":"unnamed-chunk-30"},"row":168,"row_count":1,"visible":true},{"chunk_id":"c5xvw3xagvbvn","chunk_label":"unnamed-chunk-14","document_id":"372847E","expansion_state":0,"options":{"engine":"r","label":"unnamed-chunk-31"},"row":177,"row_count":1,"visible":true},{"chunk_id":"cbrg55w4cfj88","chunk_label":"unnamed-chunk-15","document_id":"372847E","expansion_state":0,"options":{"engine":"r","label":"unnamed-chunk-33"},"row":188,"row_count":1,"visible":true},{"chunk_id":"cbxk3w1p7035r","chunk_label":"unnamed-chunk-17","document_id":"372847E","expansion_state":0,"options":{"engine":"r","label":"unnamed-chunk-94"},"row":222,"row_count":1,"visible":true},{"chunk_id":"c7xbhi1dr1mwz","chunk_label":"unnamed-chunk-18","document_id":"372847E","expansion_state":0,"options":{"engine":"r","label":"unnamed-chunk-95"},"row":235,"row_count":1,"visible":true},{"chunk_id":"cevbio3qnd6y2","chunk_label":"unnamed-chunk-19","document_id":"372847E","expansion_state":0,"options":{"engine":"r","label":"unnamed-chunk-96"},"row":253,"row_count":1,"visible":true},{"chunk_id":"c5p1ju46aj3lg","chunk_label":"unnamed-chunk-20","document_id":"372847E","expansion_state":0,"options":{"engine":"r","label":"unnamed-chunk-92"},"row":258,"row_count":1,"visible":true},{"chunk_id":"c7421w2iojv0y","chunk_label":"unnamed-chunk-21","document_id":"372847E","expansion_state":0,"options":{"engine":"r","label":"unnamed-chunk-93"},"row":263,"row_count":1,"visible":true},{"chunk_id":"cdsahr2jcyucd","chunk_label":"unnamed-chunk-22","document_id":"372847E","expansion_state":0,"options":{"engine":"r","label":"unnamed-chunk-97"},"row":288,"row_count":1,"visible":true},{"chunk_id":"caqg4xq5131o2","chunk_label":"unnamed-chunk-23","document_id":"372847E","expansion_state":0,"options":{"engine":"r","label":"unnamed-chunk-100"},"row":301,"row_count":1,"visible":true},{"chunk_id":"cw0uc4vqx5m20","chunk_label":"unnamed-chunk-24","document_id":"372847E","expansion_state":0,"options":{"engine":"r","label":"unnamed-chunk-103"},"row":308,"row_count":1,"visible":true},{"chunk_id":"c6qycjm7s78p9","chunk_label":"unnamed-chunk-25","document_id":"372847E","expansion_state":0,"options":{"engine":"r","label":"unnamed-chunk-121"},"row":325,"row_count":1,"visible":true}],"chunk_rendered_width":700,"doc_write_time":1633410778}