"0","proteomes_data <- read.csv(""77_cancer_proteomes_CPTAC_itraq.csv"")"
"0",""
"0","dim(proteomes_data)  "
"1","[1]"
"1"," 12553"
"1","    86"
"1","
"
"0","#Three factor variables, rest are numeric. Thus, no need for as.factor conversion (remember, we can't use character values in our code, must be changed to factors)"
"0",""
"0","nrow(proteomes_data)"
"1","[1]"
"1"," 12553"
"1","
"
"0","#over 12000 Patients with 86 variables. These variables are protein expressions, numerically represented as to present how much 'presence' they have. "
"0",""
